Nama,Judul,Tahun,topik_dominan,prob_dominan
,SISTEM INFORMASI LAYANAN ASURANSI BERBASIS\r\nANDROID DAN WEB SERVICE PADA AJB BUMIPUTERA \r\n1912 CABANG SEKIP PALEMBANG.,2021,5,0.9987
,PEMANFAATAN HUMAN ORGANIZATION TECHNOLOGY-NET \r\nBENEFIT UNTUK MENGUKUR SISTEM INFORMASI E-TICKETING \r\nPADA PT KERETA API INDONESIA (Persero) DIVRE III KERTAPATI \r\nPALEMBANG.,2021,3,0.7343
,SISTEM INFORMASI PERSATUAN AMAL KEMATIAN DESA \r\nSUNGAI PINANG KECAMATAN RAMBUTAN \r\nKABUPATEN BANYUASIN.,2021,4,0.4824
,ANALISIS PENERIMAAN DAN PENGGUNAAN APLIKASI E-LKP\r\nUIN RADEN FATAH PALEMBANG MENGGUNAKAN MODEL FOR\r\nMANDATORY USE OF SOFTWARE TECHNOLOGIES.,2021,3,0.9977
,Sistem informasi Bursa Kerja Khusus Berbasis Web Menggunakan Metode Waterfall Di SMK Muhammadiyah 1 Palembang.,2021,2,0.9971
,ANALISIS KEPUASAN PENGGUNA DALAM PENERAPAN \r\nSISTEM INFORMASI AKADEMIK MENGGUNAKAN \r\nMETODE KANO (STUDI KASUS: UNIVERSITAS \r\nTRIDINANTI PALEMBANG).,2021,1,0.5251
,SISTEM INFORMASI ADMINISTRASI BERBASIS WEB\r\nPADA SEKOLAH DASAR ISLAM TERPADU \r\nFATHONA PALEMBANG.,2021,5,0.9977
,SISTEM INFORMASI KEPEGAWAIAN\r\nPADA PT. SURYA BUMI AGROLANGGENG\r\nBERBASIS WEB.,2021,5,0.998
,ANALISIS KESUKSESAN E-KKN MENGGUNAKAN \r\nPENDEKATAN INFORMATION SYSTEM \r\nIMPACT MEASUREMENT MODEL \r\n(STUDI KASUS : UIN RADEN \r\nFATAH PALEMBANG).,2021,1,0.559
,SISTEM INFORMASI PENGELOLAAN DATA PENCAK SILAT PERSAUDARAAN SETIA HATI TERATE CABANG KOTA PALEMBANG BERBASIS WEB.,2021,5,0.8711
,PENILAIAN TATA KELOLA TEKNOLOGI INFORMASI E-LEARNING UNIVERSITAS MUHAMMADIYAH PALEMBANG MENGGUNAKAN COBIT 5 PADA DOMAIN EVALUATE DIRECT AND MONITORING.,2021,3,0.8378
,ANALISIS KEPUASAN PENGGUNA SISTEM INFORMASI\r\nADMINISTRASI KEPENDUDUKAN DENGAN MODEL END-USER COMPUTING SATISFACTION.,2021,3,0.938
,SISTEM PENDUKUNG KEPUTUSAN PEMILIHAN LAHAN PERUMAHAN MENGGUNAKAN METODE ANALYTICAL HIERARCHY PROCESS (AHP) DAN TECHNIQUE FOR ORDER PREFERENCE BY SIMILARITY TO IDEAL SOLUTION (TOPSIS).,2021,4,0.7725
,ANALISIS KESUKSESAN SISTEM INFORMASI E-KKN LP2M\r\nUIN RADEN FATAH PALEMBANG DENGAN\r\nMENGGUNAKAN MODEL DELONE AND MCLEAN.,2021,3,0.9962
,RANCANG BANGUN SISTEM DIAGNOSA PENYAKIT BUTA \r\nWARNA BERBASIS MOBILE PHONE.,2021,5,0.9973
,SISTEM INFORMASI KHS DAN KRS ONLINE PADA UNIVERSITAS ISLAM OKI.,2021,1,0.7143
,SISTEM INFORMASI PENJUALAN BARANG \r\nPADA PT. FASTRATA BUANA CABANG PALEMBANG \r\nBERBASIS WEBSITE.,2021,2,0.9597
,USABILITY ANALYSIS USING POST - STUDY SYSTEM USABILITY\r\nQUESTIONNAIRE ( PSSUQ ) HIGHER EDUCATION INFORMATION SYSTEM (\r\nSIDIKTI ) SJAKHYAKIRTI UNIVERSITY.,2021,4,0.9984
,SISTEM INFORMASI PENGELOLAAN DATA PERMINTAAN ALAT KESEHATAN DAN FARMASI (STUDI KASUS: PT CAHAYA DARUSALAM UTAMA).,2021,5,0.9583
,SISTEM INFORMASI MANAJEMEN HUBUNGAN PELANGGAN MENGGUNAKAN CRM IRIS METHODOLOGY (STUDI KASUS: PT SAKO UTAMA WISATA).,2021,4,0.6972
,PENERAPAN METODE UNIFIED APPROACH (UA) DALAM SISTEM INFORMASI AKADEMIK PADA MA PATRA MANDIRI PLAJU PALEMBANG BERBASIS WEB.,2021,5,0.9974
,AUDIT SISTEM INFORMASI MENGGUNAKAN COBIT 5 PADA\r\nE-LEARNING UNIVERSITAS MUHAMMADIYAH PALEMBANG.,2021,4,0.854
,E-COMMERCE OTO MANDIRI DENGAN METODE FRAMEWORK FOR THE APPLICATION OF SYSTEM THINGKING.,2021,2,0.997
,SISTEM PENDUKUNG KEPUTUSAN PENERIMA BEASISWA\r\nSATU KELUARGA SATU SARJANA (SKSS)\r\nMENGGUNAKAN METODE MOORA (MULTI-OBJECTIVE\r\nOPTIMIZATION ON THE BASIS OF RATIO ANALYSIS).,2021,5,0.9983
,SISTEM INFORMASI RUMAH PRODUKSI 8PRODUCTION FILM BERBASIS WEB.,2021,3,0.5125
,ANALISIS STRUCTURAL EQUATION MODELING\r\nUNTUK EVALUASI KUALITAS LAYANAN PADA SISTEM\r\nINFORMASI PEGAWAI DAERAH.,2021,1,0.7461
,IMPLEMENTATION OF DATA MINING FOR CLUSTERING DISASTERPRONE AREAS IN SOUTH SUMATRA USING K-MEANS ALGORITHM.,2021,4,0.9977
,Sistem Peramalan Persediaan Suku Cadang Menggunakan Metode Triple Exponential Smoothing Pada PT Tunas Dwipa Matra Palembang.,2021,3,0.6363
,Penerapan Metode Rational Unified Process Terhadap Sistem Informasi Manajemen Pondok Pesantren Rubath Al Muhibbien.,2021,5,0.9979
,ANALISIS KELAYAKAN INVESTASI SISTEM INFORMASI\r\nSIDIKTI DENGAN METODE INFORMATION ECONOMICS\r\nPADA UNIVERSITAS SJAKHYAKIRTI PALEMBANG.,2021,4,0.9976
,ANALISIS KEPUASAN PENGGUNA SISTEM INFORMASI AKADEMIK (SIAKAD) DI SEKOLAH TINGGI ILMU EKONOMI SERELO LAHAT MENGGUNAKAN END USER COMPUTING SATISFACTION.,2021,4,0.6864
,SISTEM INFORMASI PENJUALAN BERBASIS WEB DI CV\r\nSEHAT SEJAHTERA 69 PALEMBANG MENGGUNAKAN\r\nMETODE PROTOTYPE.,2022,4,0.7252
,INFORMATION SYSTEM SELECTION FOR PROSPECTIVE\r\nSTUDENTS IN SMK SWAKARYA PALEMBANG.,2022,4,0.9366
,SISTEM INFORMASI TRACER STUDY STIA BALA PUTRA DEWA\r\nPALEMBANG.,2022,4,0.9957
,ANALISIS KUALITAS SISTEM DAPODIK PADA SEKOLAH MENENGAH\r\nATAS DI KECAMATAN PULAU BERINGIN.,2022,1,0.787
,Audit Sistem Informasi Pelayanan Perpustakaan UIN Raden \r\nFatah (SLiMS) Menggunakan ITIL V4 Praktik Service \r\nManagement.,2022,3,0.9987
,SISTEM INFORMASI SEKOLAH PADA SMP SRIWIJAYA PALEMBANG MENGGUNAKAN FRAMEWORK LARAVEL.,2022,5,0.9981
,REKOMENDASI USER INTERFACE MENGGUNAKAN METODE GOAL DIRECTED DESIGN PADA WEBSITE SEKOLAH TINGGI ILMU KESEHATAN AL-SU’AIBAH PALEMBANG.,2022,5,0.8183
,Mengukur Tingkat Ketepatan Kelulusan Mahasiswa Dengan Menggunakan Metode Decision Tree.,2022,2,0.5045
,Penerapan model utaut 2 dalam penggunaan e-learning sebagai media pembelajaran siswa (studi kasus: sma xaverius 1 palembang).,2022,1,0.5085
,SISTEM INFORMASI GEOGRAFIS TEMPAT SAMPAH RESMI DI KOTA PALEMBANG.,2022,3,0.6532
,ANALISIS KUALITAS LAYANAN APLIKASI MAXIM MENGGUNAKAN METODE KANO.,2022,1,0.6939
,ANALISIS USABILITY WEBSITE SMP YPI TUNAS BANGSA PALEMBANG MENGGUNAKAN METODE HEURISTIC EVALUATION.,2022,3,0.6012
,IMPLEMENTASI METODE EXTREME PROGRAMMING\r\nPADA SISTEM INFORMASI PERCETAKAN TOTAL DESAIN\r\nPALEMBANG.,2022,2,0.9968
,Analisis Pengukuran Tingkat Kesuksesan Sistem Informasi E-Learning Versi 2020 Menggunakan Model Delone dan Mclean.,2022,3,0.9208
,Asosiasi Data Transaksi Penjualan di Minimarket Surya Mart Palembang dengan Algoritma Frequent Pattern Growth(FP-Growth).,2022,2,0.998
,SISTEM INFORMASI PENJUALAN MOBIL PADA SHOWROOM R&R AUTO BERBASIS WEB DENGAN METODE EXTREME PROGRAMMING.,2022,2,0.4665
,ANALISIS USABILITY PADA APLIKASI ABSENSI SUBUH (SI\r\nABUH) MENGGUNAKAN METODE SYSTEM USABILITY\r\nSCALE.,2022,4,0.9982
,ANALISIS USABILITY SISTEM INFORMASI AKADEMIK STEBIS IGM\r\nMENGGUNAKAN POST STUDY SISTEM USABILITY QUESTIONNAIRE PSSUQ.,2022,5,0.5162
,ANALISIS KESUKSESAN SISTEM INFORMASI PENELUSURAN PERKARA MENGGUNAKAN MODEL DELONE DAN MCLEAN (STUDI KASUS: PENGADILAN AGAMA KELAS IA PALEMBANG).,2022,3,0.7117
,ANALISIS KINERJA SISTEM INFORMASI AKADEMIK MENGGUNAKANMETODE TRADE PADAUNIVERSITASTRIDINANTIPALEMBANG.,2022,1,0.7855
,Sistem Pendukung Pengambilan Keputusan Pupuk Produksi Kelapa Sawit Dengan Menggunakan Metode Simple Multi Attribute Rating Technique (Smart).,2022,1,0.8259
,Sistem Informasi  Bimbingan Konseling Siswa Berbasis Web Pada Madrasah Aliyah Al-Ittifaqiah 2 Indralaya.,2022,5,0.7051
,"SISTEM INFORMASI GEOGRAFIS PEMETAAN DAERAH RAWAN GENANGAN BANJIR (STUDI KASUS BIDANG SUMBER DAYA AIR, IRIGASI DAN LIMBAH DINAS PUPR KOTA PALEMBANG).",2022,3,0.9969
,SISTEM INFORMASI RESERVASI HOTEL ARJUNA\r\nBATURAJA BERBASIS WEB.,2022,4,0.6022
,ANALISIS KESUKSESAN SISTEM MANAJEMEN PEGAWAI MENGGUNAKAN\r\nMODIFIKASI INFORMATION SYSTEM SUCCESS MODEL (ISSM) (STUDI\r\nKASUS: BADAN KEPEGAWAIAN DAN PENGEMBANGAN SUMBER DAYA\r\nMANUSIA KABUPATEN MUARA ENIM).,2022,1,0.6209
,PERENCANAAN STRATEGIS SISTEM INFORMASI\r\nDI MAN 2 PALEMBANG MENGGUNAKAN METODE\r\nWARD AND PEPPARD.,2022,1,0.5354
,ANALISIS USABILITY PADA WEBSITE STISIPOL \r\nCANDRADIMUKA PALEMBANG MENGGUNAKAN \r\nMETODE WEBSITE USABLITIY EVALUATION TOOL \r\n(WEBUSE).,2022,5,0.519
,ANALYSIS OF MEASUREMENT OF PLN MOBILE QUALITY SERVICE\r\n TOWARD CUSTOMER SATISFACTION\r\n USING THE SERVQUAL METHOD\r\nAT PT. PLN (PERSERO) RAYON KAYUAGUNG.,2022,4,0.4892
,ANALISIS KEBERHASILAN SISTEM INFORMASI AKADEMIK UNIVERSITAS BATURAJA MENGGUNAKAN HUMAN ORGANIZATION TECHNOLOGY Fit MODEL.,2022,3,0.9192
,SISTEM INFORMASI BIMBINGAN KONSELING MENGGUNAKAN\r\nMETODE EXTREME PROGRAMMING (STUDI KASUS : SMK PGRI\r\nTANJUNG RAJA).,2022,5,0.575
,SISTEM INFORMASI PELATIHAN KERJA DI UNIT\r\nPELAYANAN TEKNIS DINAS BALAI\r\nLATIHAN KERJA (UPTD BLK)\r\nKABUPATEN MUARA ENIM\r\nBERBASIS WEB.,2022,4,0.7131
,Usability Analysis on the Website of SMK Bakti Ibu 3 Palembang\r\nUsing the Web Usability Evaluation Tool (WEBUSE) Method.,2022,4,0.9982
,ANALISIS KUALITAS LAYANAN SLIMS MENGGUNAKAN\r\nMODEL WEBQUAL 4.0 DAN IMPORTANCE PERFORMANCE\r\nANALYSIS (IPA).,2022,1,0.6166
,SISTEM INFORMASI GEOGRAFIS PEMETAAN DAERAH RAWAN BEGAL DI KOTA PALEMBANG.,2022,2,0.9947
,SISTEM INFORMASI BIMBINGAN MAHASISWA DENGAN DOSEN PEMBIMBING AKADEMIK BERBASIS WEB\r\n(STUDI KASUS : INSTITUT AGAMA ISLAM AL-QUR’AN\r\nAL-ITTIFAQIYAH INDRALAYA).,2022,5,0.9977
,USABILITY TESTING PADA APLIKASI E – LIBRARY UNIVERSITAS ISLAM NEGERI RADEN FATAH MENGGUNAKAN METODE SYSTEM USABILITY SCALE.,2022,5,0.6222
,SALES INFORMATION SYSTEM USING EXTREME\r\nPROGRAMMING METHOD IN CV TRIKARYA UTAMA\r\nPALEMBANG.,2022,4,0.9968
,Analisis Kepuasan Pengguna Sistem Informasi CIP Menggunakan Model End User Computing Satisfaction Di Universitas Tridinanti Palembang.,2022,1,0.6711
,SISTEM PENDUKUNG KEPUTUSAN AGEN TERBAIK DI PERUSAHAAN ASURANSI JIWA BERSAMA BUMIPUTERA 1912 CABANG KAYUAGUNG MENGUNAKAN METODE SMART (SIMPLE MULTI ATTRIBUTE RATING TECHNIQUE).,2022,5,0.7533
,SISTEM INFORMASI SUMBER DAYA MANUSIA BERBASIS WEB DENGAN FRAMEWORK CODEIGNITER ( STUDI KASUS : STASIUN METEOROLOGI KELAS II SMB II PALEMBANG ).,2022,5,0.9966
,PENERAPAN TECHNOLOGY READINESS ACCEPTANCE MODEL (TRAM) UNTUK PENGUKURAN KESIAPAN DAN PENERIMAAN APLIKASI RF MOBILE.,2022,1,0.7869
,Analisis Penerimaan Website Pada IkesT Muhammadiyah Palembang Menggunakan Technologi Acceptance Model(TAM).,2022,1,0.9982
,Analisis Kualitas Layanan Website Kaos Nyenyes Palembang Menggunakan Model ES-QUAL.,2022,1,0.9962
,SISTEM INFORMASI GEOGRAFIS PEMETAAN LOKASI PUSAT KEGIATAN BELAJAR MASYARAKAT (PKBM) DAN LEMBAGA KURSUS DAN PELATIHAN (LKP) DI KABUPATEN PENUKAL ABAB LEMATANG ILIR MENGGUNAKAN LEAFLETJS.,2022,5,0.5559
,Sistem Informasi Pendistribusian Material PT. Sinar Musi Menggunakan Checkpoint Tracker.,2022,3,0.7354
,Potensi Ekstrak Jamur Endofit (Curvularia determinata) dari Daun Sungkai (Peronema canescens) Sebagai Antibakteri Staphylococcus aureus.,2022,1,0.997
,Audit Keamanan Sistem Informasi Menggunakan ISO/IEC 27002:2013 Pada UIN Raden Fatah Palembang.,2022,4,0.996
,ANALISIS KUALITAS LAYANAN SISTEM INFORMASI AKADEMIK MENGGUNAKAN METODE SERVQUAL.,2022,5,0.9982
,SISTEM INFORMASI INVENTARIS BARANG DI KANTOR BUPATI KABUPATEN MUSI RAWAS UTARA MENGGUNAKAN JAVA SERVER PAGES.,2022,5,0.5339
,Analisis Kualitas sistem care pada asuransi ramayana palembang menggunakan WebQEM.,2022,1,0.3668
,KLASIFIKASI KEPRIBADIAN MAHASISWA \r\nMENGGUNAKAN METODE NAIVE-BAYES.,2022,2,0.9974
,PENERAPAN METODE SERVQUAL DAN IMPORTANCE PERFORMANCE ANALYSIS (IPA) DALAM MENINGKATKAN KUALITAS LAYANAN TERHADAP KEPUASAN PENGGUNA.,2022,5,0.6931
,Analisis Kesuksesan Sisfo UBD Mobile Mahasiswa Menggunakan Model Human Organization Technology Net-Benefit ( HOT-FIT).,2022,1,0.8901
,ANALISIS PENERIMAAN PENGGUNA SISTEM INFORMASI\r\nAKADEMIK STIQ AL-LATHIFIYYAH MENGGUNAKAN\r\nTASK TECHNOLOGY FIT.,2022,4,0.4762
,Algoritma C4.5 dan Implementasinya.,2022,2,0.6195
,ANALISIS USABILITY  PADA APLIKASI SIMPEL STIE DWI SAKTI BATURAJA DENGAN MENGGUNAKAN METODE COGNITIVE WALKTROUGH.,2022,5,0.9977
,SISTEM INFORMASI PELAYANAN ADMINISTRASI PADA\r\nKECAMATAN BUKIT KECIL PALEMBANG BERBASIS WEB.,2022,5,0.6161
,ANALISIS KINERJA SISTEM  INFORMASI AKADEMIK \r\nMENGGUNAKAN IT BALANCED SCORECARD\r\n(STUDI KASUS UNIVERSITAS TERBUKA PALEMBANG).,2022,1,0.9967
,ANALISIS KUALITAS LAYANAN SISTEM INFORMASI PULSE WE DO  BY PRUDENTIAL MENGGUNAKAN MODEL E-SERVQUAL.,2022,3,0.503
,PEMANFAATAN MODEL HUMAN ORGANIZATION\r\nTECHNOLOGY NET BENEFIT (HOT-FIT) UNTUK\r\nMENGEVALUASI PENERAPAN SIMRS\r\nDI RUMAH SAKIT PUSRI PALEMBANG.,2022,4,0.958
,PERENCANAAN STRATEGIS SISTEM INFORMASI\r\nDENGAN MENGGUNAKAN METODE WARD AND PEPPARD\r\n(STUDI KASUS : MTS AHLIYAH IV PALEMBANG).,2022,1,0.627
,Pengukuran Capability Level Menggunakan Framework COSO Pada PT Putera Raja Sejahtera.,2022,2,0.9974
,PENGGUNAAN MODEL TASK TECHNOLOGY FIT PADA \r\n9PAJAK ONLINE.,2022,1,0.519
,SISTEM INFORMASI PEMESANAN JASA PERCETAKAN \r\nPADA CV. PERCETAKAN DARMAN.,2022,2,0.9969
,Sistem pendukung keputusan penerimaan calon guru menggunakan metode saw smp muhammadiyah 1 palembang.,2022,5,0.9975
,Analisis Kualitas Sistem Informasi Akademik Menggunakan Webqual.,2022,1,0.8938
,ANALISIS PENERIMAAN DAN PENGGUNAAN SISTEM \r\nCOMPUTER BASED TEST (CBT) MENGGUNAKAN \r\nTECHNOLOGY ACCEPTANCE MODEL (TAM).,2022,1,0.8256
,Evaluasi Program Broadband Learning Center (BLC) di Dinas Perpustakaan dan Kearsipan Kota Lubuklinggau.,2022,3,0.9967
,SISTEM INFORMASI PENDAFTARAN SISWA BARU\r\nPADA SDN 05 RAMBANG KUANG.,2022,5,0.997
,PENERAPAN SISTEM INFORMASI AKADEMIK\r\nLEMBAGA KURSUS SYNAPSE ACADEMY.,2022,4,0.9595
,PEMETAAN LOKASI PANTI ASUHAN KOTA PALEMBANG DENGAN\r\nFITUR PENDAFTARAN KEGIATAN SOSIAL BERBASIS WEB-GIS.,2022,4,0.9976
,SISTEM INFORMASI MAHASISWA BERPRESTASI\r\nUNIVERSITAS ISLAM NEGERI RADEN FATAH PALEMBANG\r\nBERBASIS WEB.,2022,5,0.7649
,ANALISIS KEPUASAN PENGGUNA SISTEM INFORMASI\r\nAKADEMIK MENGGUNAKAN END USER COMPUTING\r\nSATISFACTION (STUDI KASUS: UNIVERSITAS BINA\r\nDARMA PALEMBANG).,2022,1,0.8712
,PREDIKSI JUMLAH PENDAFTAR NIKAH DI KUA ILIR BARAT 1  KOTA PALEMBANG DENGAN MENGGUNAKAN \r\nREGRESI LINEAR BERGANDA.,2022,4,0.5042
,ANALISIS KUALITAS SIAKAD MENGUNAKAN MODEL MCCALL PADA \r\nSTIA SATYA NEGARA PALEMBANG.,2022,1,0.6476
,Sitem Sistem Informasi Penjualan pada Optik medika Palembang.,2022,2,0.997
,Prediksi Jumlah Produksi Minyak Sawit Mentah (Crude Palm Oil) Menggunakan Metode Regresi Linear Sederhana.,2022,1,0.9994
,SISTEM PENDUKUNG KEPUTUSAN PEMILIHAN\r\nOBJEK WISATA DI KOTA PALEMBANG\r\nDENGAN MENGGUNAKAN METODE\r\nSIMPLE ADDITIVE WEIGHTING (SAW.,2022,4,0.9979
,SISTEM PENDUKUNG KEPUTUSAN PENERIMAAN GURU MENGGUNAKAN METODE SIMPLE ADDITIVE WEIGHTING PADA SMK IT MUTIARA AZZAM PALEMBANG.,2022,5,0.9972
,Analisis kualitas sistem informasi akademik menggunakan ISO/IEC 25010 (Studi kasus : STIK Bina Husada Palembang).,2022,5,0.7628
,Penerapan Algoritma K-Nearest Neighbor untuk Menentukan Kelompok Uang Kuliah Tunggal Mahasiswa Baru UIN Raden Fatah Palembang.,2022,2,0.6532
,ANALISIS PENGARUH KEPUASAN PENGGUNA\r\nSISTEM INFORMASI AKADEMIK UNIVERSITAS\r\nMUHAMMADIYAHPALEMBANG MENGGUNAKAN\r\nMODEL DELONE AND MCLEAN.,2022,4,0.6571
,SALES INFORMATION SYSTEMS IN WEB BASED CAHAYA\r\nSUNNAH STORES USING THE RATIONAL UNIFIED\r\nPROCESS METHOD.,2022,4,0.5354
,ANALISIS KUALITAS LAYANAN WEBSITE HOTEL SWARNA DWIPA PALEMBANG MENGGUNAKAN WEBQUAL 4.0 DAN IMPORTANCE PERFORMANCE ANALYSIS (IPA).,2022,1,0.7796
,PENERAPAN E-COMMERCE PADA STARTUP STORE\r\nPALEMBANG.,2022,4,0.5794
,PENERAPAN METODE RUP PADA SISTEM INFORMASI POINT OF SALE\r\nBERBASIS WEB di TOKO PELANGI SUNGAI LILIN.,2022,4,0.7187
,Sistem Informasi Layanan Surat Keterangan Menggunakan Metode Rational Unified Process Pada Kantor Kepala Desa Ibul Besar III.,2022,4,0.4048
,Sistem Informasi Persediaan dan Penjualan Obat Pada Apotik Asih Chen.,2022,2,0.9976
,KLASIFIKASI PENERIMA BEASISWA UNTUK TINGKAT SMA \r\nMENGGUNAKAN ALGORITMA K-NEAREST NEIGHBOR.,2022,2,0.8171
,ANALISIS USABILITY TESTING PADA APLIKASI RF MOBILE UIN RADEN FATAH PALEMBANG MENGGUNAKAN METODE PSSUQ (POST STUDY SYSTEM USABILITY QUESTIONAIRRE).,2023,4,0.9981
,ANALISIS MANAJEMEN RISIKO PENGGUNAAN SISTEM INFORMASI PERPUSTAKAAN MENGGUNAKAN METODE OCTAVE ALLEGRO.,2023,3,0.6569
,SISTEM INFORMASI INVENTARIS BARANG SEKOLAH PADA SDN 13 SUMBER MARGA TELANG.,2023,2,0.5598
,ANALISIS KUALITAS LAYANAN PENERIMAAN MAHASISWA BARU UIN RADEN FATAH PALEMBANG MENGGUNAKAN METODE KANO.,2023,4,0.7357
,SISTEM INFORMASI POINT OF SALES (POS) PENGELOLAAN DATA PENJUALAN IKAN BERBASIS ANDROID.,2023,2,0.9967
,Klasifikasi Kelayakan Penerima Bantuan Program Keluarga Harapan (PKH) Menggunakan Naive Bayes Classifier.,2023,3,0.6785
,ANALISIS TINGKAT KEPUASAN PENGGUNA TERHADAP\r\nSISTEM INFORMASI AKADEMIK MENGGUNAKAN METODE\r\nEUCS (STUDI KASUS: POLTEKES KEMENKES PALEMBANG).,2023,1,0.9375
,Sistem Informasi Manajemen Skripsi dengan Metode The Incremental Commitment Spiral Model.,2023,5,0.9237
,Pengukuran Kinerja TI Dengan Menggunakan Kerangka IT BSC Untuk Mendukung Program Kualitas Pendidikan dan Pengajaran UIN Raden Fatah Palembang.,2023,1,0.6791
,SISTEM INFORMASI TRACER STUDY ALUMNI SEKOLAH MENENGAH KEJURUAN TEKNOLOGI INFORMASI & BISNIS INDOSAINS PALEMBANG.,2023,4,0.9975
,SISTEM INFORMASI MANAJEMEN KETERSEDIAN STOK\r\nDARAH PADA RUMAH SAKIT UMUM DAERAH SUNGAI\r\nLILIN.,2023,5,0.9982
,PENGEMBANGAN STARTUP ISYARATIN MENGGUNAKAN PENDEKATAN LEAN STARTUP.,2023,5,0.6529
,Sistem Informasi Penyewaan Alat Badan Usaha Milik Desa (BUMDes) Beruge Jaya pada Desa Beruge Darat Kabupaten Penukal Abab Lematang Ilir.,2023,5,0.5721
,Sistem Pendukung Keputusan Pemilihan Bujang Gadis Menggunakan Metode MOORA di UIN Raden Fatah Palembang.,2023,5,0.9984
,AUDIT TEKNOLOGI INFORMASI PADA BADAN \r\nPENGELOLAAN KEUANGAN DAN ASET DAERAH (BPKAD) \r\nSUMATERA SELATAN MENGGUNAKAN FRAMEWORK \r\nCOMMITTEE OF SPONSORING ORGANIZATION OF THE \r\nTREADWAY COMMISSION (COSO).,2023,3,0.689
,ANALISIS KEPUASAN PENGGUNA SISTEM INFORMASI \r\nKEPEGAWAIAN MENGGUNAKAN MODEL END USER \r\nCOMPUTING SATISFACTION (EUCS)\r\n(STUDI KASUS : PT PDAM TIRTA MUSI PALEMBANG).,2023,1,0.9983
,E-KECAMATAN SEMATANG BORANG WEB BASED USING \r\nFRAMEWORK CODEIGNITER.,2023,4,0.5052
,SISTEM INFORMASI KERJASAMA RADEN FATAH PALEMBANG (SIMASRAFA).,2023,5,0.7392
,EVALUASI KUALITAS E-LEARNING UIN RADEN FATAH PALEMBANG MENGGUNAKAN ISO/IEC 9126-4.,2023,1,0.5375
,PERAMALAN JUMLAH POLIS ASURANSI KENDARAAN MENGGUNAKAN METODE EXPONENTIAL SMOOTHING PADA PT JASARAHARJA PUTERA PALEMBANG.,2023,2,0.9976
,Pemanfaatan Algoritma Apriori Untuk Mengetahui Pola Peminjaman Buku Di Perpustakaan Daerah Sumatera Selatan.,2023,4,0.7088
,¬SISTEM INFORMASI ARSIP SURAT BERBASIS WEB MENGGUNAKAN METODE WATERFALL PADA SMP \r\nNEGERI 36 PALEMBANG.,2023,5,0.8889
,Manajemen Risiko Aset Teknologi Informasi Menggunakan NIST SP 800-30 Di Diskominfo Provinsi Sumatera Selatan.,2023,3,0.9983
,AUDIT LAYANAN PUSAT TERPADU SATU PINTU (PTSP) DI MADRASAH ALIYAH NEGERI 3 PALEMBANG MENGGUNAKAN FRAMEWORK ITIL V3.,2023,3,0.8058
,SISTEM INFORMASI PENERIMAAN PESERTA DIDIK BARU PADA SMK MUHAMMADIYAH 1 PALEMBANG.,2023,5,0.9959
,IMPLEMENTASI ALGORITMA K-MEANS UNTUK SEGMENTASI PELANGGAN PADA PT BINTANG MULTI SARANA CABANG TUGUMULYO.,2023,3,0.8171
,ANALISIS KUALITAS LAYANAN SISTEM INFORMASI MANAJEMEN SUMBER DAYA MANUSIA (SIM-SDM) BKKBN PROVINSI SUMATERA SELATAN DENGAN MENGGUNAKAN METODE IMPORTANCE PERFORMANCE ANALYSIS (IPA).,2023,1,0.5608
,IMPLEMENTASI ALGORITMA APRIORI DAN ECLAT (EQUIVALENCE CLASS TRANSFORMATION) PADA DATA TRANSAKSI PENJUALAN).,2023,2,0.9983
,SISTEM INFORMASI BANK SAMPAH MENGGUNAKAN METODE RAD DAN FRAMEWORK LARAVEL.,2023,4,0.7295
,SISTEM INFORMASI PEMESANAN WEDDING\r\nORGANIZER BERBASIS WEB PADA SALON BUNDA\r\nFITRY.,2023,2,0.9964
,PENGEMBANGAN SISTEM INFORMASI TATA PERSURATAN (E-OFFICE) UIN RADEN FATAH PALEMBANG.,2023,3,0.594
,Analisis Kesuksesan Sistem Informasi Administrasi Kependudukan Kabupaten Pali dengan Menggunakan Model Kesuksesan Delone and McLean.,2023,3,0.9983
,SISTEM INFORMASI TRACER STUDY ALUMNI SMK NEGERI 2 PALEMBANG.,2023,2,0.4215
,Analisis Kualitas E-Office pada dinas perikanan pemerintahan musi banyuasin Menggunakan WebQual 4.0.,2023,1,0.5758
,ANALISIS MANAJEMEN RISIKO SISTEM INFORMASI \r\nDISTRIBUSI MENGGUNAKAN FMEA (FAILURE MODE AND \r\nEFFECTS ANALYSIS).,2023,1,0.8509
,Analisis Tingkat Kepuasan Pengguna Aplikasi M-BMT AL-ITTIFAQIAH Indralaya Menggunakan Model End User Computing Satisfaction.,2023,1,0.9979
,Penilaian Risiko Penggunaan Sistem Informasi Akademik Pada STIQ Al-Lathifiyyah Palembang Dengan Metode Octave Allegro.,2023,5,0.7702
,EVALUASI DAN ANALISIS KEPUASAN PENGGUNA SISTEM INFORMASI AKADEMIK UNIVERSITAS BATURAJA MENGGUNAKAN MODEL EUCS.,2023,4,0.6094
,Analisis Penerimaan Aplikasi Perpus Digital Kabupaten Banyuasin Menggunakan Teknology Acceptacen Model.,2023,3,0.9447
,PEMANFAATAN FRAMEWORK NIST SP 800-30 UNTUK MANAJEMEN RISIKO PADA APLIKASI INLISLITE DI PERPUSTAKAAN DAERAH SUMATERA SELATAN.,2023,3,0.9416
,Sistem Informasi Monitoring Ecogreen Campus Menggunakan Metode Rapid Application Development (RAD).,2023,3,0.9978
,Pengembangan Sistem Informasi Manajemen Aset (SIMAS) Berbasis Web di Universitas Muhammadiyah Palembang.,2023,5,0.8532
,SISTEM INFORMASI MONITORING SISWA PADA SMK UTAMA BAKTI PALEMBANG MENGGUNAKAN METODE PROTOTYPE.,2023,5,0.6893
,Analisis Kepuasan Pengguna Sistem Informasi Manajemen Daerah (SIMDA) Menggunakan Metode Kano dan Eucs di BPKAD Provinsi Sumatera Selatan.,2023,5,0.7839
,Implementasi Algoritma FP-Growth Untuk Menentukan Pola Pembelian Konsumen Pada Data Transaksi Penjualan PT Ligno Specialty Chemicals.,2023,2,0.9983
,Usability Testing Pada Tracer Study Universitas Islam Negeri Raden Fatah Menggunakan Metode System Usability Scale.,2023,5,0.5796
,Analisis Kesiapan dan Penerimaan E-Lapkin Pada PNS Badan Kepegawaian dan Pengembangan SDM Kota Palembang Menggunakan Technology Readiness And Acceptance Model (TRAM).,2023,1,0.7712
,Analisis kualitas Layanan Aplikasi Grab Driver Di Kota Palembang Menggunakan Metode Servqual.,2023,5,0.564
,SISTEM INFORMASI GEOGRAFIS\r\nPEMETAAN MANGROVE\r\n(STUDI KASUS : BADAN RESTORASI GAMBUT DAN\r\nMANGROVE KEC. TULUNG SELAPAN – OKI).,2024,2,0.9959
,IMPLEMENTASI FRAMEWORK CODEIGNITER DALAM MEMBANGUN SISTEM INFORMASI PERPUSTAKAAN.,2024,5,0.7625
,SISTEM INFORMASI DOSEN PENGAMPU MATA KULIAH (SIDOKU) MENGGUNAKAN METODE EXTREME PROGRAMMING.,2024,5,0.9981
,PERENCANAAN STRATEGIS SISTEM INFORMASI SMAN SUMATERA SELATAN MENGGUNAKAN METODE ANITA CASSDY.,2024,4,0.52
,ANALISIS USABILITY PORTAL WEB DISKOMINFO KOTA PRABUMULIH MENGGUNAKAN NIELSEN MODEL.,2024,4,0.9978
,SISTEM INFORMASI SEWA ASET DAN FASILITAS (SIWAFA) UIN RADEN FATAH PALEMBANG MENGGUNAKAN METODE RAPID APPLICATION DEVELOPMENT.,2024,5,0.8996
,ANALISIS KESUKSESAN SISTEM INFORMASI AKADEMIK MENGGUNAKAN HUMAN ORGANIZATION TECHNOLOGY FIT MODEL PADA STIA SATYA NEGARA PALEMBANG.,2024,5,0.8418
,ANALISIS KEPUASAN PENGGUNA TERHADAP APLIKASI KEJAKSAAN MOBILE MENGGUNAKAN METODE END USER COMPUTING SATISFACTION (EUCS) PADA KEJAKSAAN TINGGI SUMATERA SELATAN.,2024,1,0.5964
,ANALISIS KEPUASAN TERHADAP KEMUDAHAN PENGGUNAAN APLIKASI BSB MOBILE BANKING DENGAN MODEL UNIFIED\r\nTHEORY OF ACCEPTANCE AND USE OF TECHNOLOGY\r\n(UTAUT)  PADA UIN RADEN FATAH PALEMBANG.,2024,1,0.9971
,SISTEM INFORMASI MANAJEMEN LEMBAGA PENDAMPING PROSES PRODUK HALAL (LP3H) UIN RADEN FATAH PALEMBANG.,2024,5,0.7159
,ANALISIS KESUKSESAN IMPLEMENTASI SISTEM INFORMASI MANAJEMEN KARYAWAN MENGGUNAKAN HOT-FIT MODEL PADA PT BAHANA BUMI MANDIRI.,2024,5,0.7391
,ANALISIS KEPUASAN PENGGUNA E-OFFICE MENGGUNAKAN MODEL END USER COMPUTING SATISFACTION (EUCS) PADA UNIVERSITAS ISLAM NEGERI RADEN FATAH PALEMBANG.,2024,3,0.9978
,PENERAPAN METODE OCTAVE ALLEGRO UNTUK PENILAIAN RISIKO KEAMANAN INFORMASI PADA INTEGRATED LIBRARY SYSTEM (INLISLITE).,2024,3,0.9984
,PENERAPAN END USER COMPUTING SATISFACTION (EUCS) TERHADAP KEPUASAN PENGGUNA APLIKASI E- COKLIT KOTA PALEMBANG.,2024,1,0.7014
,ANALISIS KUALITAS APLIKASI  PEMERINTAH DAERAH DENGAN  MENGGUNAKAN E-GOVQUAL (STUDI KASUS : APLIKASI E-DEMPO SAMSAT ONLINE ).,2024,1,0.9964
,CONTENT BASED FILTERING UNTUK REKOMENDASI DOSEN PEMBIMBING SKRIPSI MENGGUNAKAN METRIK COSINE SIMILARITY.,2024,5,0.9001
,ANALISIS KEBERHASILAN SLIMS (SENAYAN LIBRARY MANAGEMENT SYSTEM) MENGGUNAKAN HOT FIT MODEL.,2024,4,0.6899
,SISTEM INFORMASI E-LEGALISIR PADA UIN RADEN FATAH \r\nPALEMBANG DENGAN MENGGUNAKAN METODE  \r\nRAPID APPLICATION DEVELOPMENT.,2024,4,0.6237
,SISTEM INFORMASI E-LEGALISIR PADA UIN RADEN FATAH \r\nPALEMBANG DENGAN MENGGUNAKAN METODE  \r\nRAPID APPLICATION DEVELOPMENT.,2024,4,0.6236
,ANALISIS KUALITAS WEBSITE SEKOLAH ISLAM TERPADU HARAPAN MULIA PALEMBANG MENGGUNAKAN\r\nMETODE WEBQUAL 4.0.,2024,3,0.9978
,ANALISIS KUALITAS WEBSITE SEKOLAH ISLAM TERPADU HARAPAN MULIA PALEMBANG MENGGUNAKAN METODE WEBQUAL 4.0.,2024,3,0.9977
,Analisis Strategis Sistem Informasi Dan Komputerisasi Haji Terpadu (SISKOHAT) Kota Prabumulih Menggunakan SWOT.,2024,5,0.6574
,Penerapan Algoritma C4.5 Untuk Klasifikasi Predikat Kelulusan Mahasiswa UIN Raden Fatah Palembang.,2024,4,0.9986
,SISTEM INFORMASI PELAYANAN MASYARAKAT PADA DINAS SOSIAL KABUPATEN OKU MENGGUNAKAN METODE RAD.,2024,3,0.6129
,PENGARUH PENAMBAHAN TEPUNG TULANG SOTONG (Cuttelfishs bone) DALAM RANSUM TERHADAP PERTUMBUHAN AYAM KUB (KAMPUNG UNGGUL BALITNAK).,2024,3,0.9967
,SISTEM INFORMASI KOS-KOSAN DI KOTA PALEMBANG BERBASIS ANDROID MENGGUNAKAN METODE EXTREME\r\nPROGRAMMING.,2024,4,0.9976
,ANALISIS PENERIMAAN SISTEM INFORMASI LAYANAN AKADEMIK (SILAYAK) UIN RADEN FATAH PALEMBANG \r\nMENGGUNAKAN MODEL UNIFIED THEORY OF ACCEPTANCE AND USE OF TECHNOLOGY.,2024,4,0.6023
,SISTEM INFORMASI ADMINISTRASI PENJEMPUTAN DAN PENGANTARAN PAKET PADA CV. BERKAH ABADI EXPRESS.,2024,5,0.997
,SISTEM INFORMASI MANAJEMEN LABORATORIUM PADA \r\nDINAS ENERGI DAN SUMBER DAYA MINERAL PROVINSI \r\nSUMATERA SELATAN.,2024,4,0.9979
,ANALISIS KUALITAS LAYANAN APLIKASI SELUANG\r\nMENGGUNAKAN METODE ES-QUAL PADA PUSKESMAS\r\nNGULAK KABUPATEN MUSI BANYUASIN.,2024,3,0.997
,IMPLEMENTASI METODE EXTREME PROGRAMMING DALAM MEMBANGUN SISTEM INFORMASI CUSTOMER RELATIONSHIP MANAGEMENT PADA PT AFIFAH PRIMA INDAH.,2024,2,0.519
,SISTEM PENDUKUNG KEPUTUSAN PEMILIHAN KAMPUNG KB MENGGUNAKAN METODE TOPSIS.,2024,5,0.7908
,ANALISIS KUALITAS WEBSITE STITMHPALI TERHADAP KEPUASAN PENGGUNA MENGGUNAKAN MODEL WEBQUAL 4.0 DAN IMPORTANCE PERFORMANCE ANALISYS (IPA).,2024,1,0.3441
,PENERAPAN MODEL HOT-FIT DALAM MENGANALISIS APLIKASI PIESA SMA MUHAMMADIYAH 6 PALEMBANG.,2024,3,0.5393
,ANALISIS PENILAIAN RISIKO PENGGUNAAN SISTEM INFORMASI LAYANAN AKADEMIK MENGGUNAKAN METODE OCTAVE ALLEGRO.,2024,5,0.8706
,Peggunaan Algoritma FP-Growth Untuk Analisis Pola Pembelian Obat Pada Apotek Sekojo Farma Kota Palembang.,2024,2,0.9967
,SISTEM PENDUKUNG KEPUTUSAN MENENTUKAN SISWA BERPRESTASI PADA SMK NEGERI 5 PALEMBANG DENGAN MENERAPKAN METODE SMART.,2024,5,0.9742
,SISTEM PENDUKUNG KEPUTUSAN PEMBERIAN BONUS \r\nGAJI UNTUK GURU DENGAN METODE PREFERENCE \r\nSELECTION INDEX PADA SMA \r\nETHIKA PALEMBANG.,2024,5,0.6647
,SISTEM INFORMASI SPP-PAYMENT PADA MA BABUSSALAM \r\nPAYARAMAN MENGGUNAKAN RAPID APLICATION \r\nDEVELOPMENT (RAD).,2024,2,0.7687
,Analisis Faktor-Faktor Yang Mempengaruhi Niat Continuitas Pengguna Aplikasi Maxim Menggunakan Expectation Confirmation Model (ECM) Di Kota Kayu Agung.,2024,1,0.9974
,ANALISIS KEAMANAN SISTEM INFORMASI AKADEMIK MENGGUNAKAN FRAMEWORK WEB SECURITY TESTING GUIDE (WSTG) v4.2 PADA UNIVERSITAS ISLAM NEGERI RADEN FATAH PALEMBANG.,2024,1,0.5198
,Sistem Informasi Pelayanan Publik Pada Kecamatan Menggunakan Metode Extreme Programming.,2024,5,0.997
,Sistem Pendukung Keputusan Pemilihan Gedung Serbaguna di Kota Palembang Menggunakan Metode Weighted Product.,2024,5,0.5007
,Analisis Sentimen Ulasan Aplikasi Pegadaian Syariah Digital Menggunakan Algoritma Naïve Bayes.,2024,3,0.9981
,ANALISIS IT BALANCED SCORECARD UNTUK PENGUKURAN KINERJA TEKNOLOGI INFORMASI PADA DINAS PERPUSTAKAAN DAN KEARSIPAN KOTA PALEMBANG.,2024,2,0.9966
,ANALISIS PENERIMAAN APLIKASI SIDEMANG MOBILE MENGGUNAKAN MODEL UTAUT.,2024,1,0.6969
,PERENCANAAN STRATEGIS SISTEM INFORMASI DI TV\r\nSUMSEL (PT. TIVI INDONESIA INTER MEDIANET\r\nPALEMBANG) DENGAN PENDEKATAN WARD AND\r\nPEPPARD.,2024,1,0.5141
,Analisis Kesiapan Implementasi Knowledge Management Menggunakan APO KM Assessment Tool.,2024,5,0.6282
,ANALISIS KEPUASAN PENGGUNA SIMPEG KLHK PADA BPDAS MUSI MENGGUNAKAN METODE END USER COMPUTING SATISFACTION (EUCS).,2024,1,0.6068
,ANALISIS KEPUASAN PENGGUNA SISTEM INFORMASI AKADEMIK UNIVERSITAS NURUL HUDA OKU TIMUR MENGGUNAKAN MODEL END USER COMPUTING SATISFACTION (EUCS).,2024,1,0.9209
,Karakterisasi Kompos Dari Serasah Daun Trembesi (Samanea Saman jacq Merr) Dan Kotoran Sapi Dengan Bioaktivator EM4.,2024,5,0.58
,SISTEM INFORMASI MONITORING PEMINJAMAN DAN PENGEMBALIAN ARSIP PERTANAHAN MENGGUNAKAN METODE RAPID APPLICATION DEVELOPMENT (RAD).,2025,2,0.9975
,PENERAPAN FRAMEWORK LARAVEL DAN METODE \r\nEXTREME PROGRAMMING DALAM MEMBANGUN \r\nSISTEM INFORMASI ONLINE COURSE.,2025,4,0.8161
,ANALISIS SENTIMEN TERHADAP ULASAN PENGGUNA APLIKASI BRILink MENGGUNAKAN ALGORITMA RANDOM FOREST.,2025,3,0.9981
,SISTEM INFORMASI E-ARSIP PADA MADRASAH ALIYAH \r\nPONDOK PESANTREN QODRATULLAH MENGGUNAKAN \r\nMETODE V-MODEL.,2025,5,0.9982
,PREDIKSI TINGKAT INFLASI PROVINSI SUMATERA SELATAN MENGGUNAKAN NEURAL NETWORK.,2025,3,0.453
,PENERAPAN METODE RAPID APPLICATION DEVELOPMENT (RAD) UNTUK SISTEM INFORMASI E-CUTI PADA DINAS PENDIDIKAN PROVINSI SUMATERA SELATAN.,2025,5,0.9986
,Prediksi Penjualan Oli Pertamina Pada PT Presol Indo Prima Menggunakan K Nearest Neighbor.,2025,2,0.997
,ANALISIS KUALITAS SISTEM INFORMASI E-RAPORT PADA SMAN 1 PANGKALAN LAMPAM MENGGUNAKAN MODEL WEBQUAL.,2025,1,0.9969
,SISTEM INFORMASI MANAJEMEN KEUANGAN MENGGUNAKAN ZACHMAN FRAMEWORK DI PESANTREN IBADURRAHMAN MUARA ENIM.,2025,5,0.9977
,Penerapan Algoritma C4.5 Untuk Mengetahui Faktor yang Paling Berpengaruh Terhadap Indeks Pembangunan Manusia (IPM) di Sumatera Selatan.,2025,3,0.494
,SISTEM INFORMASI MANAJEMEN KEPEGAWAIAN PADA LEMBAGA PENDIDIKAN TERPADU NURUL ILMI BANYUASIN MENGGUNAKAN METODE EXTREME PROGRAMMING.,2025,5,0.9983
,ANALISIS KESUKSESAN SISTEM INFORMASI AKADEMIK \r\nUNIVERSITAS PALEMBANG MENGGUNAKAN ENHANCED \r\nINFORMATION SYSTEM SUCCESS MODEL.,2025,5,0.7099
,ANALISIS PENERIMAAN APLIKASI SAMSAT DIGITAL\r\nNASIONAL DENGAN MENGGUNAKAN MOBILE\r\nTECHNOLOGY ACCEPTANCE MODEL.,2025,1,0.9986
,SISTEM INFORMASI MANAJEMEN SARPRAS DAN TATA \r\nUSAHA PADA SMA BINA WARGA 2 PALEMBANG DENGAN \r\nMETODE EXTREME PROGRAMMING.,2025,5,0.9985
,Penentuan Klasifikasi Lokasi Penjualan Strategis Umkm di Kota Palembang menggunakan Algoritma Random Forest.,2025,3,0.868
,ANALISIS SENTIMEN APLIKASI LIVIN BY MANDIRI  \r\nPADA ULASAN PENGGUNA DI GOOGLE PLAYSTORE  \r\nMENGGUNAKAN ALGORITMA NAÏVE BAIYES.,2025,3,0.998
,Pengukuran Usability E-Arsip Srikandi Kemenag Kota Palembang Dengan Post-Study Usability Questionnaire (PSSUQ).,2025,5,0.5594
,SISTEM INFORMASI PENERIMAAN SANTRI BARU \r\nPONDOK PESANTREN DARUL MUTTAQIEN \r\nMENGGUNAKAN METODE RAPID APPLICATION \r\nDEVELOPMENT.,2025,5,0.7386
,SISTEM INFORMASI BURSA KERJA KHUSUS (BKK) PADA SMK NEGERI 1 TANJUNG LUBUK MENGGUNAKAN METODE EXTREME PROGRAMMING.,2025,2,0.7636
,ANALISIS KEPUASAN PENGGUNA WEBSITE LAYANAN\r\nASPIRASI DAN PENGADUAN ONLINE RAKYAT (LAPOR)\r\nPADA DINAS KOMUNIKASI DAN INFORMATIKA KOTA\r\nPALEMBANG MENGGUNAKAN METODE FUZZY\r\nSERVQUAL.,2025,3,0.9978
,SISTEM INFORMASI PELAYANAN MD.VET LUBUKLINGGAU MENGGUNAKAN METODE EXTREME PROGRAMMING.,2025,4,0.7581
,ANALISIS KEPUASAN PENGGUNA SILAYAK UIN RADEN FATAH PALEMBANG MENGGUNAKAN MODEL \r\nEND USER COMPUTING SATISFACTION.,2025,1,0.8178
,Pengembangan Sistem Informasi Kepegawaian Pada Dinas Komunikasi dan Informatika Kota Palembang Menggunakan Metode Extreme Programming (XP).,2025,5,0.9984
,SISTEM INFORMASI PELAYANAN PUBLIK DI\r\nKELURAHAN 11 ILIR KOTA PALEMBANG\r\nMENGGUNAKAN METODE EXTREME PROGRAMMING.,2025,5,0.9977
,SISTEM PREDIKSI KELULUSAN SISWA SEKOLAH OLAHRAGA NEGERI SRIWIJAYA (SONS) DALAM MENGIKUTI SELEKSI ATLET \r\nMENGGUNAKAN SUPPORT VECTOR MACHINE.,2025,2,0.998
,ANALISIS KESUKSESAN SENAYAN LIBRARY MANAGEMENT SYSTEM (SLIMS) DI PERPUSTAKAAN SMA NEGERI SUMATERA SELATAN MENGGUNAKAN MODEL DELONE & MCLEAN.,2025,3,0.9181
,SISTEM INFORMASI PRAKTIK KERJA LAPANGAN (PKL) SMK NEGERI 1 TOBOALI MENGGUNAKAN METODE EXTREME PROGRAMMING.,2025,2,0.7963
,SISTEM INFORMASI E-VOLUNTEER PADA SATU AMAL INDONESIA MENGGUNAKAN METODE RAPID APPLICATION DEVELOPMENT.,2025,3,0.7206
,ANALISIS USER EXPERIENCE APLIKASI RF MOBILE\r\nTERHADAP MAHASISWA UIN RADEN FATAH\r\nPALEMBANG MENGGUNAKAN USER EXPERIENCE\r\nQUESTIONNAIRE (UEQ).,2025,5,0.9981
,IMPLEMENTASI SISTEM INFORMASI MANAJEMEN PERSEDIAAN BAHAN BAKU DENGAN METODE EXTREME PROGRAMMING PADA PT. ASIALOG PALEMBANG.,2025,5,0.8707
,PENERAPAN METODE HEURISTIC EVALUATION PADA SISTEM INFORMASI AKADEMIK (SIMAK) DI UNIVERSITAS MAHAKARYA ASIA BATURAJA.,2025,1,0.7925
,PENDEKATAN TECHNOLOGY THREAT AVOIDANCE THEORY TERHADAP PERILAKU KESADARAN PRIVASI DATA PENGGUNA SIMAK.,2025,1,0.9981
,PENERAPAN METODE EXTREME PROGRAMMING PADA SISTEM E-SKRIPSI STEI AL-FURQON PRABUMULIH.,2025,5,0.7969
,ANALISIS KEPUASAN PENGGUNA SISTEM INFORMASI AKADEMIK IAIQI AL-ITTIFAQIAH INDRALAYA MENGGUNAKAN MODEL E-SERVQUAL.,2025,5,0.6972
,PENGUKURAN KESADARAN KEAMANAN INFORMASI MAHASISWA AKTIF PENGGUNA SIMAK MENGGUNAKAN HUMAN ASPECTS OF INFORMATION SECURITY QUESTIONNAIRE.,2025,1,0.7757
,SISTEM INFORMASI KEUANGAN PENGELOLAAN TRANSAKSI DAN LAPORAN KEUANGAN PADA TEMPE LINTANG MENGGUNAKAN METODE PROTOTYPING.,2025,5,0.6157
,ANALISIS KUALITAS WEBSITE PALEMBANG.GO.ID MENGGUNAKAN WEBQUAL 4.0.,2025,3,0.7721
,ANALISIS KEAMANAN INFORMASI PADA POLITEKNIK \r\nTRANSPORTASI SUNGAI DANAU DAN PENYEBERANGAN (SDP) \r\nPALEMBANG MENGGUNAKAN INDEKS KEAMANAN INFORMASI \r\n(KAMI).,2025,3,0.5634
,PEMANFAATAN FRAMEWORK ANITA CASSIDY DALAM\r\nPERENCANAAN STRATEGI SISTEM INFORMASI PADA\r\nSTIQ AL-LATHIFIYYAH.,2025,5,0.9981
,SISTEM INFORMASI ADMINISTRASI UNTUK OPTIMALISASI PENGELOLAAN SURAT di PT MAKMUR SEJAHTERA WISESA  DENGAN METODE EXTREME PROGRAMING.,2025,5,0.8294
,ANALISIS KESUKSESAN EDUCATION MANAGEMENT INFORMATION SYSTEM (EMIS) DALAM PENGELOLAAN DATA PENDIDIKAN DI KOTA PALEMBANG MENGGUNAKAN HOT-FIT MODEL.,2025,3,0.7118
,ANALISIS USER EXPERIENCE WEBSITE SILAYAK UIN RADEN FATAH PALEMBANG MENGGUNAKAN USER EXPERIENCE QUESTIONNAIRE (UEQ).,2025,5,0.9974
,Analisis User Experience Website Silayak Uin Raden Fatah Palembang Menggunakan User Experience Questionnaire (UEQ).,2025,4,0.6594
,Sistem Informasi Perpustakaan Di MA Babussalam Payaraman Menggunakan Metode Rapid Application Development.,2025,2,0.9974
,PENGUKURAN KESADARAN KEAMANAN INFORMASI DI UNIVERSITAS MUHAMMADIYAH PALEMBANG MENGGUNAKAN HAIS-Q.,2025,3,0.6072
,ANALISIS KEPUASAN PENGGUNA APLIKASI E-DOSEN UIN RADEN FATAH PALEMBANG MENGGUNAKAN MODEL END-USER COMPUTING SATISFACTION (EUCS).,2025,1,0.5286
,ANALISIS KEPUASAN PENGGUNA APLIKASI E-DOSEN UIN RADEN FATAH PALEMBANG MENGGUNAKAN MODEL END-USER COMPUTING SATISFACTION (EUCS).,2025,3,0.7533
,Analisis Pengalaman Pengguna Website Lakonmandira.kaboki.go.id Menggunakan Metode \r\nUser Experience Questionnaire.,2025,5,0.9984
,SISTEM PENDUKUNG KEPUTUSAN PENGAJUAN KELAYAKAN KREDIT BERBASIS WEB PADA WOM FINANCE PALEMBANG MENGGUNAKAN METODE TOPSIS (Technique For Others Reference by Similarity to Ideal Solution).,2025,5,0.9982
,SISTEM INFORMASI PUPUK SUBSIDI MENGGUNAKAN METODE EXTREME PROGRAMMING PADA CV BINTANG AGRO SEMENDE.,2025,4,0.9977
,SISTEM INFORMASI MANAJEMEN ATLET KONI KABUPATEN OGAN KOMERING ULU MENGGUNAKAN METODE EXTREME PROGRAMMING.,2025,2,0.6028
,PERBANDINGAN ALGORITMA SUPPORT VECTOR MACHINE DAN NAÏVE BAYES DALAM MENGANALISIS SENTIMEN PENGGUNA APLIKASI HAJI PINTAR.,2025,2,0.9982
,IMPLEMENTASI REGRESI LINEAR UNTUK MEMPREDIKSI PENJUALAN SUKU CADANG PADA DEALER MOBIL DI PALEMBANG.,2025,4,0.6961
,SISTEM INFORMASI PERPUSTKAAN MELALUI PENERAPAN METODE EXTREME PROGRAMMING PADA SMA NEGERI 1 BETUNG.,2025,5,0.7938
,PENERAPAN K-MEANS CLUSTERING DALAM MENENTUKAN KLUSTER TOKO INDOMARET DI KOTA PALEMBANG.,2025,3,0.714
,USABILITY TESTING pada APLIKASI SDG's (SUSTAINABLE DEVELOPMENT GOAL's) DESA di KABUPATEN BANYUASIN MENGGUNAKAN METODE SYSTEM USABILITY SCALE (SUS).,2025,5,0.9412
,SISTEM INFORMASI PELAYANAN KLIEN MENGGUNAKAN RUP (RATIONAL UNIFIED PROCESS) \r\nDI PUSAT REHABILITASI NARKOBA AR RAHMAN.,2025,5,0.9965
,SISTEM PENDUKUNG KEPUTUSAN SELEKSI PELATIHAN\r\nINTERNSHIP DENGAN METODE PROFILE MATCHING\r\nPADA PT. PERTAMINA.,2025,5,0.9989
,ANALISIS TINGKAT KEPUASAN PENGGUNA SISTEM INFORMASI ALUMNI MENGGUNAKAN METODE END USER COMPUTING SATISFACTION (EUCS) DI UNIVERSITAS TRIDINANTI PALEMBANG.,2025,3,0.7063
,ANALISIS KUALITAS LAYANAN SISTEM INFORMASI AKADEMIK (SIAKAD) SEKOLAH TINGGI ILMU KESEHATAN SITI KHODIJAH PALEMBANG MENGGUNAKAN MODEL E-S-QUAL.,2025,5,0.7754
,Sistem Rekomendasi Paket Menu Makanan dan Minuman Menggunakan Algoritma Fp-Growth.,2025,2,0.726
,ANALISIS SENTIMEN DAN PEMODELAN TOPIK ULASAN PENGGUNA APLIKASI MOBILE JKN MENGGUNAKAN INDOBERT DAN LDA.,2025,5,0.5065
,ANALISIS USABILITY APLIKASI E-DOSEN UIN RADEN FATAH PALEMBANG DENGAN MENGGUNAKAN METODE \r\nSYSTEM USABILITY SCALE (SUS).,2025,5,0.9278
,ANALISIS KUALITAS LAYANAN E-KINERJA DI BKPSDM MUSI BANYUASIN MENGGUNAKAN E-S-QUAL DAN IMPORTANCE PERFORMANCE ANALYSIS.,2025,4,0.5891
,SISTEM INFORMASI PENGELOLAAN AUDIT INTERNAL SISTEM MANAJEMEN DI PT PUPUK SRIWIDJAJA PALEMBANG.,2025,5,0.4702
,ANALISIS KUALITAS WEBSITE SMK NEGERI SUMATERA SELATAN MENGGUNAKAN METODE WEBQUAL 4.0.,2025,3,0.9969
,Analisis Tingkat Kepuasan Aplikasi Sasa Melezatkan Pada \r\nKonsumen Wilayah Kota Palembang Menggunakan \r\nMetode Customer Satisfaction Index (CSI).,2025,3,0.9192
,PENERAPAN RAPID APLICATION DEVELOPMENT (RAD) PADA SISTEM INFORMASI PELAYANAN PUBLIK DI KECAMATAN LUBAI KABUPATEN MUARA ENIM.,2025,5,0.7746
,Sistem Informasi Administrasi Pada SD Negeri 178 Palembang Mnenggunakan Metode Extreme Programming.,2025,4,0.8637
,ANALISIS KUALITAS LAYANAN BRIMO MENGGUNAKAN\r\nMODEL E-S-QUAL.,2025,1,0.8075
,SISTEM INFORMASI BIMBINGAN KONSELING PADA SMK\r\nNEGERI 5 PALEMBANG MENGGUNAKAN METODE\r\nEXTREME PROGRAMMING.,2025,5,0.6761
,ANALISIS SENTIMEN ULASAN APLIKASI ANDAL BY TASPEN MENGGUNAKAN SUPPORT VECTOR MACHINE (SVM).,2025,3,0.4926
,ANALISIS KEPUASAN PENGGUNA TERHADAP APLIKASI MOTORKU X MENGGUNAKAN METODE CUSTOMER SATISFACTION INDEX.,2025,3,0.9984
,Analisis Kualitas Layanan Sistem Informasi Ketenagakerjaan Kota \r\nPalembang (SISKA) Menggunakan Metode Servqual.,2025,5,0.9983
,SISTEM INFORMASI MANAJEMEN SARANA DAN PRASARANA SEKOLAH MENENGAH KEJURUAN MUHAMMADIYAH 1 PALEMBANG MENGGUNAKAN METODE EXTREME PROGRAMMING.,2025,5,0.7121
,SISTEM INFORMASI PRAKTIK KERJA LAPANGAN PADA SMK MUHAMMADIYAH Ⅰ PALEMBANG MENGGUNAKAN METODE EXTREME PROGRAMMING.,2025,2,0.5228
,Analisis Kesuksesan E-Jurnal UIN Raden Fatah Menggunakan Model Delone And McLean.,2025,3,0.6438
,ANALISIS KUALITAS WEBSITE  SMA NEGERI 1 PALEMBANG MENGGUNAKAN MODEL WEBQUAL 4.0.,2025,3,0.9969
,ANALISIS SENTIMEN ULASAN APLIKASI BAALWI MENGGUNAKAN ALGORITMA SUPPORT VECTOR MACHINE (SVM).,2025,3,0.7064
,SISTEM INFORMASI MANAJEMEN KURIKULUM OUTCOME BASED EDUCATION (OBE) UIN RADEN FATAH PALEMBANG MENGGUNAKAN METODE EXTREME PROGRAMMING.,2025,5,0.9976
,SISTEM INFORMASI GLOBAL STRATEGIC INDEX (GSI) MENGGUNAKAN METODE EXTREME PROGRAMMING.,2025,4,0.998
,ANALISIS  KUALITAS WEBSITE MAN 3 PALEMBANG MENGGUNAKAN MODEL WEBQUAL 4.0 DAN IMPORTANCE PERFORMANCE ANALYSIS.,2025,1,0.9969
,Analisis Kualitas Layanan Aplikasi CARE WMS Dengan Model E-S-Qual Pada Eiger Store Cabang Sumatera 1.,2025,1,0.773
,SISTEM INFORMASI LAYANAN PERTANIAN MASYARAKAT DESA DENGAN PENDEKATAN MANAJEMEN RANTAI PASOK.,2025,5,0.4574
,IMPLEMENTASI TECHNOLOGY ACCEPTANCE MODEL (TAM) PADA PENGGUNA E-OFFICE DI OKU.,2025,3,0.6876
,PENERAPAN MODEL AUTOREGRESSIVE INTEGRATED MOVING AVARAGE (ARIMA) DALAM MEMPREDIKSI PENJUALAN PRODUK DI HANJANI COFFEE AND SPACE.,2025,5,0.7059
,ANALISIS SENTIMEN APLIKASI LIVIN BY MANDIRI  \r\nPADA ULASAN PENGGUNA DI GOOGLE PLAYSTORE  \r\nMENGGUNAKAN ALGORITMA NAÏVE BAIYES.,2025,3,0.9981
,IMPLEMENTASI METODE RAPID APPLICATION DEVELOPMENT (RAD) DALAM MEMBANGUN SISTEM INFORMASI INVENTORY PADA TB. CARADA ELEKTRIK.,2025,2,0.5816
,ANALISIS MANAJEMEN RISIKO TEKNOLOGI INFORMASI\r\nDENGAN METODE FAILURE MODE AND EFFECT ANALYSIS\r\nPADA PT KENCANA INTI PERKASA.,2025,1,0.554
,ANALISIS KUALITAS WEBSITE \tBADAN AMIL ZAKAT NASIONAL KOTA PALEMBANG MENGGUNAKAN \r\nMETODE WEBQUAL 4.0 DAN IPA.,2025,1,0.9972
,ANALISIS KESUKSESAN APLIKASI INFORMASI TIRTA      MUSI  MENGGUNAKAN  MODEL  DELONE  AND  MCLEAN \r\nUNIT SEBERANG ULU 1 PALEMBANG.,2025,3,0.668
,ANALISIS KEBERHASILAN PENERAPAN SISTEM INFORMASI MANAJEMEN RUMAH SAKIT PADA RUMAH SAKIT MUHAMMADIYAH PALEMBANG MENGGUNAKAN HUMAN ORGANIZATION TECHNOLOLGY FIT MODEL.,2025,4,0.7834
